no;cz;czname;state;pop;theta25;theta75;se25;se75;stayer25;stayer75
1;100;Johnson City;TN;576081;-0.416117758;0.074623242;0.272707015;0.364410698;42.26698303;56.83571625
2;200;Morristown;TN;227816;-0.043391187;-0.208657473;0.265803128;0.411986262;42.64954758;58.08820343
3;301;Middlesborough;TN;66708;0.428451866;-0.1936993;0.577737927;1.29942286;42.44334412;58.50085831
4;302;Knoxville;TN;727600;-0.054939687;-0.141834825;0.187324166;0.205629796;42.00760651;56.36183929
5;401;Winston-Salem;NC;493180;-0.442659169;-0.30753234;0.200945616;0.217589185;40.24208069;56.04382324
6;402;Martinsville;VA;92753;-0.470204264;1.053546786;0.410703003;0.923290968;41.30234146;60.44178391
7;500;Greensboro;NC;1055133;-0.346960425;-0.215975925;0.13436158;0.152184084;39.23017502;56.4004097
8;601;North Wilkesboro;NC;90016;0.236713737;-0.875870287;0.518673956;0.853228033;42.56459045;59.54133606
9;602;Galax;VA;64676;-1.085443377;-1.126120567;0.805654287;1.413537383;45.66617966;62.35136414
10;700;Spartanburg;SC;354533;-0.23348178;0.024187066;0.242791384;0.314410597;39.83392715;57.62700653
11;800;Gastonia;NC;413331;-0.401897818;-0.277219832;0.180621892;0.24182643;39.19393539;57.44169235
12;900;Charlotte;NC;1423942;-0.247814313;-0.227359444;0.095427014;0.094740905;39.01053619;56.06062698
13;1001;Boone;NC;77361;0.860114217;0.096269727;0.648701787;0.933146834;44.08109283;55.81481934
14;1002;Morganton;NC;164760;-0.385716021;0.651535869;0.369398057;0.583967268;41.95121384;58.13573074
15;1100;Hickory;NC;375363;-0.007320928;-0.210257202;0.211444393;0.233495072;40.61441803;57.55169678
16;1201;Franklin;NC;44861;-0.692810237;0.339254677;1.210898876;1.102650642;44.64302826;58.33516693
17;1202;Sylva;NC;54082;0.692243278;-0.962970018;0.888493061;1.462397218;45.62089539;58.09342957
18;1203;Asheville;NC;398505;-0.424808532;0.2842305;0.217125669;0.229466259;42.52038574;56.15626907
19;1204;Andrews;NC;59681;-0.171723381;0.482045382;0.868419051;0.786633015;45.50078964;57.64410782
20;1301;Bennettsville;SC;71586;0.052154426;0.430973262;0.323464453;0.831479251;37.42469025;57.1179924
21;1302;Florence;SC;548986;-0.205154717;-0.500118613;0.163452804;0.204710245;38.1213913;55.51908493
22;1400;Fayetteville;NC;644101;-0.241048694;-0.297133982;0.139397159;0.206203505;36.95671082;53.59977341
23;1500;Wilmington;NC;361559;-0.381173819;-0.351324201;0.166047171;0.208372757;38.36524582;54.00035858
24;1600;Wilson;NC;216840;0.072611138;0.1546776;0.243355051;0.392911673;37.30062485;56.71709824
25;1701;Raleigh;NC;1412127;-0.277868629;-0.284255892;0.112493411;0.098849706;39.68364334;55.33623886
26;1702;Henderson;NC;62926;-0.566818595;-1.132282376;0.398115695;0.823388278;36.8924675;58.28928757
27;1800;Goldsboro;NC;222553;-0.053919733;0.128341392;0.2394436;0.365612864;40.65790558;58.63270569
28;1900;Jacksonville;NC;536909;0.297890067;0.034484953;0.160087153;0.209288388;39.84046936;56.0173912
29;2000;Virginia Beach;VA;1119468;-0.159729093;0.031916909;0.109007061;0.12349616;40.17351532;56.46303558
30;2100;Washington;NC;124216;0.037394535;0.028772594;0.306108207;0.46394673;39.67906952;57.05491638
31;2200;South Boston;VA;158234;0.012720565;-0.481139541;0.295150042;0.41494897;40.82623672;61.75873184
32;2300;Lynchburg;VA;228616;-0.090383075;0.305801988;0.310185134;0.351568252;42.03665924;60.11373901
33;2400;Richmond;VA;1040192;-0.010657439;0.100834556;0.152711049;0.131435499;40.06872177;57.27345276
34;2500;Newport News;VA;570854;0.064291753;-0.23432216;0.177043989;0.176736072;41.04533768;58.27768707
35;2600;Roanoke Rapids;NC;139055;0.33460471;0.407975107;0.287495703;0.574036956;38.18206406;58.12021637
36;2700;Gulfport;MS;458674;-0.099745937;-0.068631083;0.225943312;0.277556777;42.43461227;56.98619843
37;2800;Laurel;MS;120505;0.127905712;0.136025324;0.440981925;0.94030422;43.093853;62.79650879
38;2900;Hattiesburg;MS;157181;-0.361856878;-0.426299751;0.334634334;0.582457125;41.40069962;59.35977173
39;3001;Kosciusko;MS;41270;-0.447820187;1.206811547;0.608084083;1.255343199;38.54013062;60.83665466
40;3002;Yazoo City;MS;39355;-0.571776628;0.509741783;0.543349624;1.461580992;36.17935181;58.65530777
41;3003;Jackson;MS;546560;-0.325572282;0.236748233;0.180686802;0.324558854;38.18758011;56.59178925
42;3101;McComb;MS;103602;-0.281987071;0.64491868;0.391780674;0.728622437;41.94404602;62.15171432
43;3102;Brookhaven;MS;46424;-0.536125839;-0.066684112;0.580504775;0.936635375;44.03293991;64.92735291
44;3201;Jena;LA;25202;0.051826756;0.133243278;1.026251674;1.81188345;50.91760254;71.7130127
45;3202;Natchez;MS;69653;0.155533656;0.341792226;0.634980083;1.373643994;40.20130157;59.09541702
46;3203;Vicksburg;MS;84943;-0.261404246;0.733293474;0.519866586;0.968119144;36.62123489;55.62322998
47;3300;New Orleans;LA;1381652;-0.391382515;-0.040614594;0.111417122;0.136787966;40.58131027;55.82071304
48;3400;Houma;LA;271365;0.119295344;0.13461712;0.231085867;0.372448504;45.84697723;63.97108841
49;3500;Baton Rouge;LA;806561;-0.366376758;0.127705961;0.143241957;0.194782883;41.29689407;58.78153229
50;3600;Alexandria;LA;186516;-0.481098861;-0.546140611;0.320233881;0.488669187;42.48867798;61.19846725
51;3700;Lake Charles;LA;335960;0.324126303;-0.021340415;0.265800238;0.365717471;45.63534164;59.67551804
52;3800;Lafayette;LA;548154;0.033637036;-0.175426602;0.208713233;0.255419374;44.50418472;60.67823792
53;3901;Monroe;LA;253878;0.341595262;0.648758113;0.258968771;0.517862022;39.43395233;58.56567001
54;3902;Lake Providence;LA;21735;NA;NA;NA;NA;40.76457214;64.77474976
55;4001;Magnolia;AR;34162;-0.152941391;-1.595755458;0.734440207;1.386217117;39.80156326;62.5205307
56;4002;Shreveport;LA;499101;0.148044735;0.205701187;0.176036879;0.308013976;39.67917633;58.86421967
57;4003;Ruston;LA;74800;0.471124023;0.262844265;0.406436592;0.800742507;41.38519287;61.63572693
58;4004;Many;LA;23459;NA;NA;NA;NA;45.93245697;68.02191925
59;4101;Crossett;AR;24209;NA;NA;NA;NA;42.11648941;59.58589935
60;4102;Pine Bluff;AR;168122;0.359878391;0.39937374;0.484243453;0.696340024;38.8298378;57.91341782
61;4103;El Dorado;AR;89373;0.980798721;1.654917121;0.495973349;0.868616223;40.52470016;59.82863998
62;4200;Little Rock;AR;630854;0.09526401;0.263985842;0.203239694;0.315690845;40.78178024;57.41913986
63;4301;Stuttgart;AR;40542;0.546794832;-0.221339867;0.528737485;1.183698058;42.20927811;61.62209702
64;4302;Searcy;AR;94324;1.06293714;0.555858016;0.434070289;0.610904396;45.7749176;61.00201416
65;4401;London;KY;144931;0.255430549;0.512812972;0.427158207;0.7134341;43.09742737;56.65612793
66;4402;Richmond;KY;116256;0.829845786;1.317204356;0.454362959;0.576582909;43.92166138;57.46291351
67;4501;West Liberty;KY;49887;0.971242487;1.390803218;0.917104185;1.807510138;43.39317322;58.38178253
68;4502;Hazard;KY;117919;1.168479085;0.177615047;0.703603029;1.014934778;47.08729172;58.00349808
69;4601;Campbellsville;KY;83451;-0.049104217;-0.936032593;0.559744716;1.414403558;46.84820938;61.39672089
70;4602;Somerset;KY;123981;0.916591287;1.029019833;0.533931613;1.215943098;43.69168854;58.54404068
71;4701;Greenwood;MS;84168;-0.295082241;0.720891953;0.462370217;1.100884676;36.13005829;58.26066589
72;4702;Clarksdale;MS;141711;-0.083589643;0.811665356;0.309358805;0.542665601;35.68303299;56.57221222
73;4800;Greenville;MS;146833;0.298462689;1.681228161;0.283467323;0.820452809;34.05007553;53.18379974
74;4901;Jackson;TN;198166;-0.531529486;-0.164094418;0.31606549;0.56603986;39.17290878;58.67565918
75;4902;Dyersburg;TN;92131;-0.507087708;-0.387294769;0.433115214;0.783851266;38.83672714;59.56374741
76;4903;Lexington;TN;44884;-0.853943944;0.260713667;0.935048997;1.372072697;47.00538635;60.69315338
77;5000;Tupelo;MS;197774;0.033562973;-0.832017422;0.332395703;0.610245466;40.00633621;59.53035736
78;5100;Corinth;MS;129508;-0.004533345;0.312114;0.41676864;0.716320992;44.06788635;60.66000366
79;5201;New Albany;MS;54214;0.584881306;0.289576054;0.438321471;0.791604638;44.50880432;63.85047913
80;5202;Memphis;TN;1154338;-0.120905504;0.178358629;0.14339675;0.149889931;36.060009;54.02650452
81;5300;West Memphis;AR;138746;-0.122356996;-0.401933223;0.288617849;0.465750039;36.9450264;57.36713791
82;5401;Bowling Green;KY;164944;-0.049623013;0.223745868;0.407768071;0.663066804;44.04199219;58.04219055
83;5402;Glasgow;KY;92394;-0.276519805;0.081423819;0.486084878;1.099930167;45.85157013;61.26955414
84;5500;Columbia;TN;159374;-0.467447996;-0.031057885;0.291690886;0.367677689;43.16531372;57.23483658
85;5600;Nashville;TN;1246338;-0.04114975;0.131145984;0.142965034;0.139980659;41.27273178;56.32004166
86;5700;Tullahoma;TN;130610;-0.564595282;0.377712876;0.385483384;0.535488069;44.15754318;59.09280396
87;5800;Dickson;TN;138212;-0.691829503;0.26388973;0.38816604;0.451808602;44.3338089;59.86878204
88;5900;Clarksville;TN;252059;0.231160387;-0.145743787;0.443711013;0.537389636;41.68493652;57.41070175
89;6000;Huntsville;AL;519583;-0.221697092;0.044204492;0.226195738;0.205341324;41.89289093;57.50832748
90;6100;Gadsden;AL;304068;-0.182095766;0.100771643;0.241066515;0.296885788;45.40646744;61.11079788
91;6200;Florence;AL;230941;-0.432168186;-0.146181673;0.337999195;0.533832192;45.23974609;60.06567764
92;6301;McMinnville;TN;84309;0.502921581;0.475672901;0.439665914;0.687005579;43.48936844;59.42150879
93;6302;Cookeville;TN;98362;0.653814733;-0.093566567;0.453522712;0.669038653;45.90951157;57.84281158
94;6401;Chattanooga;TN;490863;-0.024193151;0.253549278;0.25993073;0.287836045;40.4162941;56.00024414
95;6402;Crossville;TN;104194;0.424110651;1.374056101;0.43755272;0.834239066;45.49932098;60.49716949
96;6501;Ellijay;GA;43254;-0.789426506;-0.299775481;0.630438268;0.66485697;44.11360931;59.13179398
97;6502;Cleveland;TN;203077;0.200214803;0.010120233;0.310454011;0.495384842;43.05628967;57.91913605
98;6600;Rome;GA;418304;-0.283364743;-0.026787827;0.222547576;0.25534603;42.09239578;57.0589447
99;6700;Tampa;FL;2395997;-0.137721986;-0.231558844;0.060648512;0.086024977;42.18929672;54.78337097
100;6800;Lakeland;FL;598228;-0.120708115;-0.127934709;0.142853081;0.210355639;43.06431961;58.01844406
101;6900;Sarasota;FL;763795;-0.258882046;-0.060766857;0.146020904;0.138602227;42.81988144;54.74181747
102;7000;Miami;FL;3955969;-0.020631583;-0.236687362;0.053181194;0.077533983;43.27626801;52.41872787
103;7100;Port St. Lucie;FL;1533306;-0.262513876;-0.423450351;0.082677573;0.096370049;41.5437851;53.46006775
104;7200;Cape Coral;FL;692265;-0.121107623;-0.169062048;0.137552053;0.12782377;43.16773605;55.5508194
105;7300;Palm Bay;FL;589177;-0.221348748;-0.218716413;0.123989373;0.169998705;42.35744476;54.36607361
106;7400;Orlando;FL;1697906;-0.188503191;-0.311877966;0.07242398;0.089861147;42.16062164;54.95595932
107;7500;Deltona;FL;563598;-0.34879902;-0.37559545;0.11273054;0.179779828;42.10207748;54.5365181
108;7600;Jacksonville;FL;1176696;0.050158139;-0.106531046;0.094733171;0.118573844;40.81086349;55.70437622
109;7700;Lake City;FL;149695;0.022257421;1.49604845;0.279755026;0.499704242;42.52174377;59.78961563
110;7800;Ocala;FL;377001;0.171688482;0.10867966;0.186879829;0.228743002;42.69540787;56.284729
111;7900;Gainesville;FL;320199;0.044057555;0.280204058;0.179342896;0.314806074;41.49477768;54.52659988
112;8000;Sumter;SC;209914;-0.196464032;-0.508412361;0.286674321;0.415909976;38.71456528;56.46778488
113;8100;Columbia;SC;722201;-0.163734451;-0.092404105;0.139078975;0.189194009;38.60102463;55.64178467
114;8201;Barnwell;SC;72733;-0.062410649;1.24941206;0.328892678;0.708635688;37.80329514;56.85262299
115;8202;Charleston;SC;587297;-0.080013894;-0.351956367;0.150580078;0.195296451;40.18566513;55.05023956
116;8300;Greenville;SC;894291;-0.333826154;-0.354812741;0.168871447;0.163924992;40.52285385;56.6275177
117;8401;Aiken;GA;525842;-0.235922232;-0.350537151;0.188166067;0.254039109;37.8668251;53.93753052
118;8402;Washington;GA;35518;-0.353929669;0.831600249;0.5182091;0.694224894;37.3953476;58.03610992
119;8501;Fitzgerald;GA;27415;-0.197949424;1.0977633;0.990509987;2.495430708;40.17825317;58.03048325
120;8502;Cordele;GA;42098;0.287686139;2.414653778;0.615865052;1.231041431;37.78606415;56.56766129
121;8503;Valdosta;GA;241530;-0.343873233;-0.164401472;0.297067434;0.537069142;38.81552887;56.54644012
122;8601;Waycross;GA;113122;-0.543403327;0.051946539;0.384643644;0.777469218;40.83114624;57.96525574
123;8602;Brunswick;GA;93044;-0.736932456;-0.321803659;0.434951425;0.710159004;39.38493729;52.6658783
124;8701;Hinesville;GA;131279;-0.277723551;0.847231627;0.318715841;0.557296097;40.07328415;56.87621689
125;8702;Statesboro;GA;111346;-0.325355381;-1.416793466;0.315619648;0.660513282;38.97971344;57.30492783
126;8800;Savannah;GA;434615;-0.164446875;0.032646451;0.19717516;0.229949683;39.30882645;53.87696457
127;8900;Macon;GA;386870;0.191630483;-0.079968616;0.2283355;0.3351551;37.92202377;54.76390076
128;9001;Vidalia;GA;108438;-0.408588767;-0.40638113;0.407942116;1.141886115;41.68731308;59.4881897
129;9002;Milledgeville;GA;83808;-0.584476233;-0.233463928;0.426071644;0.650996685;36.08844376;53.14084244
130;9003;Dublin;GA;74610;-0.790497303;-1.304235816;0.4440808;1.197842121;38.00528717;56.32454681
131;9100;Atlanta;GA;3798017;-0.093245372;0.061351452;0.050536793;0.059690896;38.24575806;52.67534256
132;9200;Griffin;GA;135136;-0.153054699;0.082757041;0.227648571;0.365024686;38.73249817;56.89305496
133;9301;Winder;GA;212223;-0.20725356;0.36354509;0.242433146;0.308282077;37.70471191;53.70169449
134;9302;Toccoa;GA;89228;-0.445341885;-0.327927321;0.45715788;0.605733275;41.7285614;59.09697342
135;9400;Gainesville;GA;272150;-0.101304196;-0.407242656;0.246057183;0.216858447;44.65826416;57.7980423
136;9500;Talladega;AL;148252;0.55809027;0.033581194;0.27905041;0.513800383;40.58943939;60.02941895
137;9600;LaGrange;GA;457299;-0.21303691;-0.02846919;0.147347495;0.204920471;41.33340454;58.03534698
138;9701;Columbus;GA;303656;0.049500983;0.263645738;0.240076721;0.43069756;37.70254898;54.16017151
139;9702;Americus;GA;65826;-0.32680583;-0.128288254;0.499254107;1.120064259;37.04792404;55.27457428
140;9800;Auburn;AL;150911;0.094690025;0.44154036;0.323954642;0.457883537;37.9875946;55.29252243
141;9900;Tallahassee;FL;426634;0.252308995;-0.203169554;0.203613028;0.318908125;40.18583679;55.47282791
142;10000;Panama City;FL;172606;-0.15532963;0.185908198;0.35949403;0.570078433;43.36655045;58.32645035
143;10101;Bainbridge;GA;43992;0.60316503;-1.714823008;1.025685787;2.867568493;38.63451004;55.5645752
144;10102;Thomasville;GA;66396;0.05763277;1.005975485;0.535864532;1.07188344;39.4303093;57.84443665
145;10200;Albany;GA;181765;0.297487587;-1.251656055;0.327386439;0.581616282;35.93019867;52.8508606
146;10301;Eufaula;GA;61458;0.180146828;-0.97115922;0.550385654;1.501660228;36.94197464;58.70931625
147;10302;Dothan;AL;223605;0.462902755;0.810076535;0.312393397;0.520386934;42.08243942;59.53160858
148;10400;Meridian;MS;157091;-0.493839324;-0.090679191;0.413654059;0.866101086;39.58204269;61.3351593
149;10501;Columbus;MS;95083;-0.01637678;-0.624958158;0.432887286;1.129332542;37.62842178;59.31539917
150;10502;Starkville;MS;105093;-0.050096124;-1.368877053;0.414979011;0.838866711;36.89373398;58.28907776
151;10600;Jasper;AL;161169;-0.688408732;0.200763226;0.378269762;0.558352888;46.35267258;62.75629044
152;10700;Birmingham;AL;1038182;-0.049171794;0.189752847;0.171474591;0.173424855;40.85590363;57.48658371
153;10801;Tuscaloosa;AL;261112;0.027540624;-0.026668563;0.243147001;0.360097766;39.12914658;58.35072708
154;10802;Demopolis;AL;63233;-0.072371893;0.286511689;0.420946658;1.156506896;38.95467758;58.63277054
155;10900;Pensacola;FL;623252;-0.135874033;-0.052116811;0.152076885;0.189302057;42.47762299;57.08211136
156;11001;Mobile;AL;599405;0.039457157;0.042824309;0.214414001;0.247994512;40.9885025;57.64576721
157;11002;Atmore;AL;76853;-0.282411486;1.303601503;0.483993709;0.863854408;41.89657974;59.83444595
158;11101;Montgomery;AL;367927;0.315934569;0.196722806;0.267166018;0.314357579;39.18840408;57.47570038
159;11102;Troy;AL;80901;0.417726457;0.63131839;0.476948887;1.086720943;45.04703903;63.09822083
160;11201;Bluefield;VA;199334;0.261158943;0.048943866;0.425646901;0.690524638;47.83591461;60.78816605
161;11202;Welch;WV;53037;1.68153441;1.733210802;0.709919393;1.310882688;49.32262802;60.78541946
162;11203;Big Stone Gap;VA;84011;0.229844034;2.77178812;0.557895124;1.152638555;47.68645859;61.09850693
163;11301;Fredericksburg;VA;241044;-0.218609586;0.052592747;0.236645848;0.197138578;45.62108612;59.54410934
164;11302;Baltimore;MD;2512431;-0.067904145;0.119629771;0.116211496;0.077901006;40.73332214;58.78875351
165;11303;Colonial Beach;VA;59342;0.101843074;-0.270801872;0.531583548;0.515322864;41.45652771;58.70780563
166;11304;Washington DC;DC;4632415;0.163461313;0.139176294;0.067157902;0.051992219;45.10486603;57.5815239
167;11401;Marquette;MI;121919;0.467795193;1.084297419;0.651101947;0.648595631;44.21757126;56.2899971
168;11402;Marinette;MI;114408;0.413571268;0.49836722;0.514714718;0.510047197;48.74980164;60.57062912
169;11403;Sault Ste. Marie;MI;57510;1.419613004;0.110676855;0.887123525;1.145754099;44.60730362;55.8930397
170;11500;Jackson;MI;303839;0.161021203;-0.120990485;0.25814867;0.22434403;42.53733826;56.72909927
171;11600;Detroit;MI;5327827;-0.092015274;-0.012626091;0.072999649;0.077534497;38.62368393;53.13941956
172;11700;Lansing;MI;447728;0.00303616;0.236193776;0.225765884;0.225198433;41.95618057;55.32936478
173;11800;Mount Pleasant;MI;136888;0.037663121;-0.158369988;0.336705804;0.407262564;44.14480972;58.53332901
174;11900;Saginaw;MI;540707;0.237136617;0.212411001;0.209286064;0.202889174;42.11739731;56.32569504
175;12001;Big Rapids;MI;120045;0.031759169;-0.115348846;0.283649594;0.385106951;44.32048416;58.47507477
176;12002;Ludington;MI;52801;-0.650315881;-0.30065164;0.438288599;0.584737778;44.75228882;56.98999405
177;12100;Kalamazoo;MI;509606;0.010809378;0.072011054;0.181235656;0.228568524;40.8287735;55.80654907
178;12200;Grand Rapids;MI;1286045;0.023812061;0.1953412;0.143893316;0.146956131;42.91637802;58.90348053
179;12301;Traverse City;MI;154452;-0.243083999;0.141376361;0.380599886;0.319846064;45.13713074;55.19128418
180;12302;Petoskey;MI;83975;-0.280651271;0.146296665;0.429674178;0.473816305;43.92111969;54.40187454
181;12401;Alpena;MI;84783;-0.285334915;-0.173564702;0.454775065;0.585546434;44.35691833;57.87047958
182;12402;Grayling charter;MI;104421;0.197740078;-0.46082601;0.311336398;0.295010656;43.1506958;56.7521019
183;12501;Dayton;OH;1179009;0.097815469;0.099919088;0.161315635;0.174903214;41.2766037;57.72344971
184;12502;Washington Court House;OH;109851;-0.137350976;-0.137136489;0.300942689;0.398474663;44.26322937;58.70769501
185;12600;Wayne;IN;104034;-0.072857007;-0.307408512;0.498697877;0.58626008;41.58723068;58.06479263
186;12701;Cincinnati;OH;1954800;0.030153198;0.272646368;0.142356947;0.113479584;40.78355789;58.2856102
187;12702;Maysville;KY;52963;0.928109169;0.638293982;0.507795811;0.753003776;44.06472397;60.33536911
188;12800;Washington;IN;134026;-0.7899068;-0.553309143;0.283115268;0.295346528;49.60848618;62.15911865
189;12901;Lexington-Fayette;KY;525970;0.457862288;-0.099653922;0.284558892;0.282316893;40.15670395;55.02310562
190;12902;Mount Sterling;KY;40195;0.897568405;0.280839324;0.559067905;0.963121176;42.18225861;57.05906296
191;12903;Danville;KY;86667;0.76158452;0.447287023;0.473308653;0.670178175;44.60248184;58.62338638
192;13000;Elizabethtown;KY;176597;0.02600223;0.399253219;0.319856405;0.46178481;47.05600357;59.70860672
193;13101;Louisville;KY;1100767;0.119730048;0.116946362;0.203973562;0.172915414;40.48171234;56.79892349
194;13102;Madison;IN;49985;0.413346022;-0.020460011;0.478080869;0.905274212;47.34400558;61.15439224
195;13103;Bardstown;KY;66605;0.150540397;0.684580207;0.439230323;0.680551231;48.17833328;61.9570694
196;13200;Owensboro;KY;177640;0.08972422;-0.053450387;0.408503354;0.590614915;46.29391861;62.03678513
197;13300;Findlay;OH;246623;0.644804895;0.930683017;0.273691505;0.3653813;47.40562439;61.00831985
198;13400;Lima;OH;260393;0.673248291;0.999915659;0.367574364;0.368100613;48.84978104;64.40159607
199;13501;Toledo;OH;834343;0.087011799;0.131702915;0.18859531;0.203193694;40.84287262;56.69047165
200;13502;Defiance;OH;98981;0.493789077;0.325264454;0.489795446;0.548344791;48.79579926;61.1804924
201;13600;South Bend;IN;657906;-0.249602035;0.126911566;0.172656685;0.213007063;42.06422806;58.0026207
202;13700;Concord;IN;372184;0.212362692;0.124136016;0.223690003;0.267457187;48.44136429;60.72598648
203;13800;Wayne;IN;129528;0.163435563;0.541437387;0.408034742;0.417241722;48.35588074;61.8326416
204;13900;Center;IN;192308;0.387122303;0.518865347;0.372907221;0.348542958;44.53269196;58.64874268
205;14000;Muncie;IN;415487;-0.138267308;0.21139361;0.292760015;0.295235038;41.98405838;58.02238083
206;14100;Fort Wayne;IN;557161;-0.092069641;0.175113976;0.272621185;0.235934749;44.21748734;59.86367416
207;14200;Indianapolis;IN;1507346;-0.059016909;-0.15395321;0.145759106;0.109824188;40.20847321;57.53156281
208;14300;Columbus;IN;163284;-0.022137729;-0.467719734;0.329244316;0.44923532;45.7082634;60.82842255
209;14400;Terre Haute;IN;261832;0.090149947;-0.067362159;0.312208444;0.347674876;45.55364609;60.74221802
210;14500;Lafayette;IN;347966;0.459137976;0.701359749;0.274656594;0.286107808;46.60319138;60.47497177
211;14600;Bloomington;IN;280923;0.540514708;0.401539773;0.326471478;0.34583956;46.84618378;59.72698212
212;14700;Evansville;IN;388604;0.388555229;0.257390589;0.392000377;0.34017241;46.94694138;63.51796341
213;14801;Olney;IL;55642;0.52393049;0.746205509;0.871285021;1.067337394;51.52794266;65.86421204
214;14802;Vincennes;IN;54708;-0.340047449;2.130938292;1.081074834;1.08021915;48.90600967;64.39471436
215;14900;Gary;IN;675971;0.0247044;0.015095382;0.144925281;0.157506153;42.42976761;57.47177887
216;15000;Canton;OH;700866;0.159132734;0.114126571;0.188506156;0.217614725;44.75395584;60.07189178
217;15100;Lorain;OH;423702;0.035930458;-0.127890661;0.194461271;0.21196048;42.0598793;57.13182831
218;15200;Cleveland;OH;2661167;0.123652413;0.055718545;0.100241683;0.100622095;39.87000275;56.37004089
219;15300;Parkersburg;WV;202967;-0.045847338;-0.136940837;0.418850273;0.584134281;44.60240936;59.0460434
220;15400;Zanesville;OH;188410;0.252705753;0.28044951;0.308365494;0.409225821;44.53044128;61.30087662
221;15500;Steubenville;OH;132008;0.128586113;0.499419063;0.379858941;0.650020778;42.984478;59.12537766
222;15600;Wheeling;WV;195637;0.666175604;0.890189707;0.503941536;0.698895991;45.84373856;59.28766632
223;15700;Scioto;OH;225682;-0.170572847;-0.134716302;0.283001989;0.456105202;41.54606628;58.18099213
224;15800;Athens;OH;142321;-0.147259489;0.577430844;0.421406209;0.657304227;43.33237076;56.45587921
225;15900;Columbus;OH;1663807;-0.015803479;0.278514296;0.12865746;0.127144665;40.90818787;56.7398262
226;16000;Mansfield;OH;326186;0.130927935;0.537155449;0.241112649;0.298064679;44.06883621;60.45612335
227;16100;State College;PA;310658;0.064681672;-0.084365778;0.286358148;0.353472441;49.66238403;60.45323563
228;16200;Altoona;PA;411749;0.417905718;-0.288835764;0.261066556;0.368495345;49.31612396;63.3082428
229;16300;Pittsburgh;PA;2561364;-0.055973008;0.146377698;0.111758269;0.112711273;45.88943481;60.05702209
230;16400;Youngstown;OH;809682;-0.166889235;0.117902845;0.159409851;0.216744944;42.75763702;58.17914963
231;16500;Erie;PA;659098;0.226335004;0.207552359;0.190101549;0.22844635;44.97013092;59.33374405
232;16600;Roanoke;VA;468038;-0.000719362;-0.055679768;0.269824445;0.279204249;43.15237808;58.67391205
233;16701;Elkins;WV;60271;-1.365274549;2.646208048;1.020576;1.699910402;47.18019867;59.60464859
234;16702;Morgantown;WV;259942;0.353372663;0.074610054;0.538552582;0.783500254;45.55361938;58.58460999
235;16703;Buckhannon;WV;40323;1.922505498;2.364484072;0.94460535;2.013398886;48.4775238;61.60527802
236;16801;Beckley;WV;174251;0.663725317;0.230328143;0.604532123;0.794604897;46.54720306;59.84775925
237;16802;Summersville;WV;58143;1.393102169;1.593841672;0.916942954;1.572047353;48.5488739;63.2183609
238;16901;Charleston;WV;347345;0.239036471;0.975322425;0.395145565;0.557489216;44.50104141;56.46362305
239;16902;Spencer;WV;23028;NA;NA;NA;NA;50.33641434;62.12246323
240;17000;Pikeville;KY;204354;0.801628232;-0.569927216;0.508004189;0.6789217;47.39271545;59.58128738
241;17100;Huntington;KY;344380;0.281403124;0.264317453;0.331910998;0.475658268;42.95412064;55.99448013
242;17200;Harrisonburg;VA;174641;-0.102831505;-0.299097806;0.436427534;0.424466968;49.02136993;60.57284546
243;17300;Staunton;VA;188559;0.34159866;0.095516056;0.384199351;0.448475778;45.45236206;60.24524307
244;17400;Hagerstown;PA;408535;-0.229313925;-0.031725746;0.204636171;0.21201314;46.65750504;62.05693817
245;17501;Cumberland;MD;155822;-0.333657056;-0.048913002;0.429804653;0.508611858;47.0434494;61.40488815
246;17502;Winchester;VA;115649;-0.486390829;-0.257183582;0.29842937;0.389838964;46.58617783;59.54415131
247;17600;Charlottesville;VA;273489;-0.380044699;-0.221550941;0.254770607;0.254167974;42.64909744;56.85587692
248;17700;Syracuse;NY;1080612;0.246117666;0.150607407;0.165593803;0.174914047;43.89891434;57.61976242
249;17800;Oneonta;NY;161132;0.834879279;-0.019338217;0.337921888;0.443329543;46.64015579;58.85822678
250;17900;Union;NY;294558;-0.493045688;0.321173906;0.252654731;0.364074469;45.42092514;57.58721161
251;18000;Buffalo;NY;2369699;0.083967745;0.081309699;0.121409655;0.098521903;43.17263794;57.3443718
252;18100;Elmira;NY;346894;0.055594623;0.301730156;0.315769732;0.336837262;46.12800217;57.75658035
253;18201;Olean;NY;197898;-0.024178103;0.192171648;0.28155005;0.357979864;47.10968781;61.04605865
254;18202;St. Marys;PA;41086;0.387243032;3.45169878;1.24791491;1.669704318;50.39822006;61.60180664
255;18300;Watertown;NY;250613;0.536528826;0.364791095;0.389054477;0.50302881;46.87203598;59.23490906
256;18400;Plattsburgh;NY;169879;0.585398793;-0.164784506;0.399767876;0.531652808;45.50712585;58.44154358
257;18500;Amsterdam;NY;110160;0.577856719;-0.477128625;0.379831254;0.529111624;46.01451492;58.5685997
258;18600;Albany;NY;1061509;-0.199153975;-0.19977124;0.180996299;0.155663103;45.01121521;58.09752655
259;18700;Sunbury;PA;191962;0.150066927;-0.399633944;0.350339293;0.430997938;49.91871643;61.51306915
260;18800;Scranton;PA;857487;-0.032461032;-0.288402557;0.114817649;0.131418556;47.39113235;58.90914154
261;18900;Williamsport;PA;227275;-0.404395342;-0.291137636;0.336246789;0.371208608;48.30319214;61.07283783
262;19000;Allentown;PA;637958;-0.057351436;0.018922377;0.170566544;0.166244417;47.67311096;61.00353622
263;19100;Reading;PA;1114959;0.188313976;-0.025009403;0.127595171;0.128687263;49.37729645;62.93119812
264;19200;Harrisburg;PA;1051424;0.01135964;0.116452239;0.148562223;0.131403208;47.75355148;61.95392609
265;19300;Poughkeepsie;NY;873232;-0.332736105;0.189481035;0.129058287;0.1427809;44.04589462;57.31848145
266;19400;New York;NY;11781395;-0.148463622;-0.038998414;0.044434585;0.057100132;43.93712234;56.73233795
267;19500;Toms River;NJ;1126217;0.031970762;0.046128739;0.15547888;0.094439924;46.33385849;58.48087311
268;19600;Newark;NJ;5822286;0.007954764;0.087166138;0.06553977;0.054360878;44.92485046;58.45347214
269;19700;Philadelphia;PA;5602247;0.021569364;-0.030004608;0.082574427;0.064453773;42.07820511;58.02407074
270;19800;Wilmington;DE;586216;-0.009635171;0.033884887;0.149834365;0.170179799;41.27503204;57.35890579
271;19901;Dover;DE;439269;-0.498365462;-0.191466704;0.190402135;0.191372305;41.65191269;59.25186157
272;19902;Easton;MD;154018;-0.766325235;0.281044781;0.289889067;0.284843862;43.22147369;60.9864502
273;19903;Chincoteague;VA;51398;-0.672775567;-0.557546854;0.620758295;0.966259539;39.61289597;58.34393311
274;20001;Bangor;ME;289843;0.029916994;-0.350941271;0.276609093;0.348472029;44.18223953;56.1424408
275;20002;Calais;ME;33941;-0.469040096;-0.42819497;0.792647362;1.548547745;41.68935013;56.75135422
276;20003;Presque Isle;ME;73938;0.451471537;1.95450139;0.394022465;0.753946543;46.46694946;60.15826416
277;20100;Portland;ME;690459;0.170990348;0.189961851;0.223449767;0.192354873;45.57849884;56.42621231
278;20200;Burlington;VT;321496;-0.110463329;0.094391637;0.311606556;0.291023344;46.6700325;57.09178925
279;20301;Berlin;VT;95549;-0.041679718;0.027602741;0.390316367;0.548411489;48.37616348;59.38274002
280;20302;Claremont;VT;265884;0.044625103;0.046218242;0.27760902;0.259830028;47.71162415;56.83728027
281;20401;Providence;RI;1582997;-0.053025004;-0.057807818;0.122176774;0.114752531;45.40390778;58.36247635
282;20402;Nantucket;MA;9520;NA;NA;NA;NA;51.52975464;56.47559738
283;20403;Oak Bluffs;MA;14987;NA;NA;NA;NA;43.82597733;49.91098022
284;20500;Boston;MA;4974945;0.037943896;0.036509518;0.093317345;0.089520536;46.50123978;58.3152504
285;20600;Manchester;NH;1193391;-0.101920955;0.033076856;0.151408136;0.108645901;47.28097916;58.07702637
286;20700;Keene;NH;118041;0.25340426;-0.547714412;0.4114573;0.358557016;46.2634964;56.71699142
287;20800;Springfield;MA;680014;-0.237335637;-0.40771988;0.188071027;0.216509208;44.11653519;57.81049347
288;20901;Bridgeport;CT;3405565;-0.11510174;0.00721573;0.088351443;0.073000811;44.74219513;58.41394043
289;20902;Pittsfield;MA;171947;-0.642016709;0.16613479;0.375464499;0.375071287;44.81874084;56.14087296
290;21001;Ashland;WI;47701;1.107015848;0.606938839;0.906629682;0.749927104;47.65732193;59.05353928
291;21002;Houghton;MI;47063;1.70212841;2.000708818;1.733395934;1.377995372;46.35883331;59.69475555
292;21003;Ironwood;MI;32049;1.878738165;3.000584841;1.656687021;3.611745834;47.24116135;57.57694244
293;21004;Rhinelander;WI;67833;-0.122046858;-0.105512761;0.568841338;0.473467171;46.5852623;59.96530151
294;21101;Rice Lake;WI;92542;0.259962201;-0.367083669;0.436517239;0.556606174;49.6902771;61.60557938
295;21102;Amery;WI;56993;0.99143523;-0.147780761;0.479530394;0.397004962;50.58198547;61.57769394
296;21201;Hutchinson;MN;72898;1.671019077;-0.603099823;0.518184006;0.475685269;56.48128891;65.31180573
297;21202;Redwood Falls;MN;33969;2.065790892;-0.410653293;0.9635759;0.830111146;58.8976326;68.64199829
298;21301;Mankato;MN;149925;0.891340315;0.043050945;0.457395941;0.313800424;54.3743248;63.44102478
299;21302;Owatonna;MN;109871;0.502974391;-0.436059862;0.547145844;0.352993011;52.78493118;62.83786392
300;21400;St. Cloud;MN;254139;-0.051141277;0.048670266;0.301495552;0.193643659;54.93914032;63.55778885
301;21501;Minneapolis;MN;2904389;0.116146058;0.076999366;0.115082853;0.099218413;47.3770256;59.5196991
302;21502;Pine City;MN;41526;0.054019943;0.138302237;0.425243914;0.418080509;51.83785629;64.21750641
303;21600;Brainerd;MN;141542;0.130434602;0.198669806;0.320819169;0.310478151;47.89769745;60.63074875
304;21701;Rochester;MN;228867;0.556424379;0.513145149;0.34701407;0.281888455;53.64741135;61.60230255
305;21702;Austin;MN;71187;0.124150865;0.717086494;0.718451381;0.77662456;52.67848969;63.4669075
306;21801;Mason City;IA;78179;0.026771933;-1.972491741;0.779878974;0.808488786;53.32979202;63.14331436
307;21802;Decorah;IA;72111;1.363750696;-0.087689385;0.650969207;0.739430487;57.50234985;65.63304138
308;21900;Marshalltown;IA;113442;0.7135005;0.787636995;0.573143721;0.449840128;51.9240799;64.41568756
309;22001;Waterloo;IA;222112;0.545860589;0.575843811;0.472701937;0.46639055;50.85276794;64.13222504
310;22002;Iowa Falls;IA;29516;0.028937956;0.288448453;1.232000709;1.716855526;56.34889984;67.31292725
311;22100;Iowa City;IA;203768;0.274608999;0.68201226;0.446529835;0.41419521;50.80552673;60.15855026
312;22200;Cedar Rapids;IA;252901;0.385844618;0.447573692;0.478734314;0.375130594;50.17856979;61.72004318
313;22300;Ottumwa;IA;142385;0.827513576;0.382720053;0.596153378;0.472589254;51.34147263;63.74549103
314;22400;Sheboygan;WI;195533;-0.206535667;-0.053475499;0.415910989;0.34310931;51.01742172;62.26282501
315;22500;Oshkosh;WI;549651;0.28403914;0.259368241;0.247661397;0.207955331;50.90290833;61.89274216
316;22601;Green Bay;WI;310560;0.329138875;0.381336898;0.24343507;0.262537301;50.18380356;62.12572479
317;22602;Shawano;WI;65966;-0.76685518;-0.834403634;0.450061172;0.494873017;48.55367279;62.05498886
318;22700;Wausau;WI;370092;0.563124359;-0.381985962;0.304652214;0.247283369;52.28764725;61.4454155
319;22800;Eau Claire;WI;305307;0.338318586;0.106178537;0.2972489;0.284831464;51.9173317;60.81317902
320;22900;La Crosse;WI;220109;0.370534629;0.464438677;0.341806114;0.343459994;50.66704559;60.29741287
321;23000;Monroe;WI;116624;0.027560629;-0.257607639;0.399060816;0.338692069;53.64632416;63.24770737
322;23100;Madison;WI;590755;0.065484554;-0.071944773;0.213957936;0.188395098;48.28316116;58.010952
323;23200;Dubuque;IA;163189;0.525136173;0.049689069;0.453552008;0.501019239;55.30388641;64.08450317
324;23301;Charleston;IL;101161;0.371847272;0.369736433;0.521313429;0.737613261;46.23939133;62.20427704
325;23302;Douglas;IL;101195;-0.999693215;0.090219229;0.509764552;0.817817271;51.28785706;65.5752182
326;23400;Bloomington;IL;206909;0.378084809;0.1250256;0.33009997;0.283785433;47.27313995;60.8835144
327;23500;Decatur;IL;382083;0.081581302;0.094038166;0.252088517;0.310290039;45.15045929;60.55804062
328;23600;Burlington;IA;136489;0.628318429;0.17665869;0.50743252;0.604109883;48.66615295;62.22293091
329;23700;Galesburg;IL;145734;0.710139632;0.825547159;0.400094688;0.431723326;46.13186264;60.49061203
330;23801;Davenport;IL;382351;0.113809474;0.381719828;0.288090527;0.269466996;44.8284111;59.98618698
331;23802;Clinton;IA;70445;1.391815186;0.38289395;0.614683688;0.637825429;52.04637527;63.27654648
332;23900;Peoria;IL;529703;0.018695693;0.33163479;0.243312091;0.226658791;44.47008896;60.54431534
333;24000;Kenosha;WI;584474;-0.179162547;-0.160681695;0.179813296;0.150581211;43.75474548;57.85922241
334;24100;Milwaukee;WI;1660659;0.045243692;-0.006342555;0.123329416;0.122672357;41.72882462;58.81104279
335;24200;Bourbonnais;IL;135167;0.486280531;0.073517144;0.286797673;0.349144906;45.21831512;61.59539795
336;24300;Chicago;IL;8183799;-0.180241317;-0.040194243;0.061137345;0.050469995;41.00191879;56.65102768
337;24400;Rockford;IL;622573;-0.1414579;0.100999512;0.192091167;0.166281387;43.87573242;58.09880829
338;24500;Rolla;MO;111509;0.62163502;0.339642286;0.384405851;0.56299144;47.17191315;60.85674667
339;24600;Farmington;MO;137456;0.086912006;0.971920371;0.320655137;0.392672777;47.57958603;63.56851196
340;24701;St. Louis;MO;2325609;-0.024649542;0.093770549;0.125863448;0.098195545;40.82235718;57.88725662
341;24702;Mexico;MO;37989;-0.405368298;-0.226226315;0.532476664;0.696166217;50.81585693;63.00926208
342;24801;Jacksonville;IL;84748;0.5568856;-0.333552241;0.561167777;0.720725775;47.94070816;61.68325806
343;24802;Springfield;IL;267992;-0.292541146;0.072245412;0.308013439;0.330309719;43.53727341;58.7910614
344;24900;Edwardsville;IL;382997;0.047552552;0.25914672;0.197725147;0.281763822;45.78668594;60.34674835
345;25000;Quincy;IL;152421;-0.266844481;0.965653777;0.487808526;0.562851727;48.39737701;62.51200104
346;25101;Mountain Home;AR;64068;0.148358583;1.243775845;0.536580622;0.904986024;46.40827179;58.9029808
347;25102;West Plains;MO;90551;1.349526882;1.155412912;0.511547685;0.898831606;48.7040596;60.9820137
348;25103;Harrison;AR;76174;-0.343549162;0.001824673;0.519683123;0.793993175;48.18466568;60.87778473
349;25104;Heber Springs;AR;51737;0.222335234;2.188483953;0.532090008;0.728339136;48.16177368;63.86931229
350;25105;Batesville;AR;64601;0.648699284;2.067869186;0.618350685;1.338236928;47.52702332;61.4508934
351;25200;Henderson;KY;151629;0.312440813;0.844696164;0.4696154;0.606612742;46.1840477;61.03156281
352;25300;Union City;TN;117387;-0.627897024;-0.779998541;0.557677925;0.944246113;43.87288284;60.26437759
353;25401;Paducah;KY;138654;-0.24713622;-0.411695629;0.579780519;0.791087985;44.50200272;58.91730881
354;25402;Murray;KY;34177;-0.021310916;-0.571956456;1.281864643;2.240388155;46.20837021;55.22887802
355;25500;Centralia;IL;141040;0.239121452;0.794900358;0.372204363;0.413716108;47.62027359;63.43542099
356;25601;Carbondale;IL;265022;-0.486097693;-0.124788702;0.311077535;0.387195826;45.17147446;60.97225189
357;25602;Harrisburg;IL;37978;0.576677024;-1.228361726;1.314098954;1.464405775;48.80436707;64.75222778
358;25701;Cape Girardeau;MO;184036;0.146201536;0.400028318;0.3769117;0.536629975;45.15291595;60.98237228
359;25702;Poplar Bluff;MO;73576;0.319940597;0.148849994;0.453359097;0.875621617;45.97101593;60.04291534
360;25800;Blytheville;AR;105181;0.005533746;1.245681524;0.410268039;0.857741177;40.62340164;61.44892883
361;25900;Jonesboro;AR;198671;-0.109471388;0.544648826;0.325767934;0.608851254;45.41561508;59.0242691
362;26001;Roseau;MN;20860;NA;NA;NA;NA;55.55273438;63.14259338
363;26002;Duluth;MN;286544;-0.161841884;-0.131698534;0.363656849;0.28817752;46.37509155;59.64690018
364;26003;West Cook UT;MN;5168;NA;NA;NA;NA;51.11581421;55.71749496
365;26004;International Falls;MN;14355;NA;NA;NA;NA;50.92988205;60.5174675
366;26101;Moberly;MO;56535;-0.293843865;0.235386789;0.62208122;0.851593018;48.59657288;62.7926712
367;26102;Marshall;MO;48599;-0.442599386;-1.946866751;0.712060392;1.169593096;49.70569229;64.67256165
368;26103;Brookfield;MO;22192;NA;NA;NA;NA;54.91320038;68.8786087
369;26104;Trenton;MO;14189;NA;NA;NA;NA;52.45522308;66.38703156
370;26105;Polk;MO;12442;NA;NA;NA;NA;52.89617157;63.94551086
371;26106;Centerville;IA;29873;-0.720620513;1.578091502;1.03461504;1.041163683;52.61532974;64.6054306
372;26107;Kirksville;MO;38491;-0.656413734;-1.323358655;5.133907318;4.447171688;50.3445816;58.60520554
373;26201;Bismarck;ND;114739;0.743997157;-0.018131129;0.868002534;0.71149075;55.96844864;63.36008072
374;26202;East Grant UT;ND;2841;NA;NA;NA;NA;NA;NA
375;26203;Linton;ND;10029;NA;NA;NA;NA;63.38983154;68.1658783
376;26204;Steele;ND;2753;NA;NA;NA;NA;NA;NA
377;26301;Devils Lake;ND;22745;NA;NA;NA;NA;45.8718605;66.69669342
378;26302;Carrington;ND;6516;NA;NA;NA;NA;62.63388443;66.75525665
379;26303;Turtle Mountain UT;ND;16550;NA;NA;NA;NA;38.69351578;57.21050644
380;26304;Minot;ND;74541;1.679509401;0.708225846;1.126750469;1.198561549;57.71322632;65.46669769
381;26305;Rugby;ND;11487;NA;NA;NA;NA;59.5450058;69.87637329
382;26401;Ekalaka;SD;2713;NA;NA;NA;NA;NA;NA
383;26402;Baker;MT;2837;NA;NA;NA;NA;64.026474;76.74145508
384;26403;Bowman;ND;4009;NA;NA;NA;NA;66.64243317;72.92430115
385;26404;Lemmon;ND;8671;NA;NA;NA;NA;60.82397842;65.79520416
386;26405;Scobey;MT;2017;NA;NA;NA;NA;NA;NA
387;26406;Wolf Point;MT;12597;NA;NA;NA;NA;40.70354462;60.53740311
388;26407;Plentywood;MT;4105;NA;NA;NA;NA;58.30343246;65.1681366
389;26408;Glasgow;MT;12276;NA;NA;NA;NA;52.40197372;60.28619003
390;26409;Glendive;MT;12051;NA;NA;NA;NA;60.24181366;67.06239319
391;26410;Dickinson;ND;27124;0.941240907;0.647727311;1.799295664;1.262007833;62.54069138;67.45832062
392;26411;Sidney;ND;22035;NA;NA;NA;NA;56.59207916;67.79612732
393;26412;Williston;ND;24286;NA;NA;NA;NA;63.02912903;68.25750732
394;26501;Brookings;SD;40630;0.457250744;0.051027447;1.189432025;1.0223943;56.51157379;63.55055237
395;26502;Madison;SD;14160;NA;NA;NA;NA;58.70566559;65.50473785
396;26503;Sioux Falls;SD;200630;1.050798416;-1.011666417;0.496330619;0.464737117;53.62075043;60.84231186
397;26504;Watertown;SD;40078;2.148651838;-0.408730656;1.78520906;1.471135139;57.70156097;65.54528046
398;26601;Milbank;MN;17801;NA;NA;NA;NA;58.74542999;66.22903442
399;26602;Sisseton;SD;20859;NA;NA;NA;NA;49.45933151;68.16772461
400;26603;East Corson UT;SD;8225;NA;NA;NA;NA;34.1441803;48.53030396
401;26604;Mobridge;SD;7756;NA;NA;NA;NA;58.90607071;66.29401398
402;26605;Aberdeen;SD;52825;2.760223627;0.308243126;1.314146161;0.996209681;58.08628845;64.39560699
403;26701;Bemidji;MN;101639;0.116600521;-0.311118424;0.392951369;0.474658906;46.89059067;62.3350029
404;26702;Grafton;ND;31090;0.09577886;-0.542479157;1.087498665;1.090325594;57.62307739;66.10128021
405;26703;Thief River Falls;MN;28038;1.400734901;0.087984286;1.017883778;1.543847203;57.53408051;66.62471008
406;26704;Grand Forks;ND;108213;1.533029079;0.339584947;0.621131122;0.511106133;53.53696442;62.31051636
407;26801;Fargo;ND;206945;0.823783815;-0.115834318;0.503563762;0.434361458;52.84005356;61.28499222
408;26802;Lisbon;ND;16013;NA;NA;NA;NA;59.31761169;67.25114441
409;26803;Jamestown;ND;38384;1.056407452;-0.235012785;1.269912004;1.454544663;58.06339645;65.6247406
410;26804;Cooperstown;ND;2754;NA;NA;NA;NA;NA;NA
411;26901;Fergus Falls;MN;117558;0.432294279;0.133554786;0.487796664;0.410524189;55.82006836;65.07823944
412;26902;Little Falls;MN;69851;-0.273006529;-0.171798602;0.430607468;0.46356234;56.36981964;64.57028961
413;27001;O'Neill;NE;14875;NA;NA;NA;NA;59.65377426;67.81775665
414;27002;Ord;NE;9975;NA;NA;NA;NA;57.72845078;67.60691833
415;27003;Ainsworth;NE;6264;NA;NA;NA;NA;57.3356781;69.77323914
416;27004;Winner;SD;11222;NA;NA;NA;NA;55.7612915;66.55882263
417;27005;Yankton;SD;47901;1.225677252;0.012340843;0.926828444;1.200740814;60.26941681;63.68910599
418;27006;Mitchell;SD;27613;1.405673862;-1.069475532;1.621314168;2.084502697;58.18106461;64.37796783
419;27007;Huron;SD;19318;NA;NA;NA;NA;55.48160553;62.80226135
420;27008;Parkston;SD;20883;NA;NA;NA;NA;55.180233;67.0502243
421;27009;Chamberlain;SD;11291;NA;NA;NA;NA;42.58710861;61.39685822
422;27010;Miller;SD;5412;NA;NA;NA;NA;62.46493149;61.60457993
423;27011;Pierre;SD;20809;NA;NA;NA;NA;50.28066635;61.54495239
424;27012;Gettysburg;SD;2693;NA;NA;NA;NA;NA;NA
425;27101;Willmar;MN;85394;0.908205688;0.944590569;0.687723875;0.799036324;56.57269287;65.43645477
426;27102;Marshall;MN;51470;1.563282609;0.266257942;0.833770216;0.779041708;58.76080322;67.94881439
427;27201;Sioux Center;IA;58454;1.718381882;1.013265014;0.886996329;0.847366035;63.73025894;71.04392242
428;27202;Worthington;MN;60435;2.822188854;1.738625646;1.078508139;1.126608133;58.08893204;67.46322632
429;27301;Spencer;IA;61106;1.407364249;0.557857633;0.715518713;0.669904411;58.0527916;64.17841339
430;27302;Fairmont;MN;49010;1.093385935;1.101240158;0.946150362;0.868254662;54.70766449;64.58085632
431;27401;Storm Lake;IA;52812;1.632262349;-0.090551868;0.898233175;0.701353312;58.36748886;66.90892029
432;27402;Fort Dodge;IA;101165;0.831927121;0.272056401;0.689021885;0.585104108;52.5051918;64.76031494
433;27501;Des Moines;IA;595842;-0.04182218;0.044680867;0.365371197;0.209185198;48.90683746;61.5148468
434;27502;Creston;IA;35600;-0.492484093;1.744981527;0.776890516;0.946483374;54.3000145;65.02630615
435;27503;Atlantic;IA;34687;0.396680951;-0.571536064;0.919802368;0.99149847;55.34120941;67.59089661
436;27504;Carroll;IA;48729;0.159052715;-0.196327135;0.868070126;0.843034327;58.42014313;68.36734772
437;27601;Rapid City;SD;158442;0.045864474;-0.565166652;0.533988416;0.617001414;49.73028183;59.87689209
438;27602;Eagle Butte;SD;8491;NA;NA;NA;NA;32.95591736;54.95468521
439;27603;Southwest Jackson UT;SD;5126;NA;NA;NA;NA;49.88455582;68.29747772
440;27604;Murdo;SD;1193;NA;NA;NA;NA;NA;NA
441;27605;Mission;SD;11133;NA;NA;NA;NA;27.30345345;50.82339859
442;27701;Scottsbluff;NE;65903;0.747411668;0.024634693;0.802617311;0.970256746;52.0255928;62.37107849
443;27702;Cheyenne;WY;95526;1.025173426;0.479499847;0.581265628;0.630849779;50.97138214;60.35649872
444;27703;Torrington;WY;21345;NA;NA;NA;NA;53.81412125;63.76400375
445;27704;Gordon;SD;22238;NA;NA;NA;NA;32.07487106;50.61689758
446;27801;Virginia Beach;NE;56990;0.767632544;-0.311547399;0.890553772;0.88883239;55.91791916;65.32912445
447;27802;Columbus;NE;61167;0.448032826;0.937649429;0.713696659;0.776746213;59.60237503;66.65773773
448;27901;Hastings;NE;42251;-0.022612873;-1.305219889;1.018751025;1.08216548;54.44300842;62.22418594
449;27902;York;NE;26871;2.957086325;-1.370511413;1.024676442;0.908349156;59.00287628;66.58937836
450;27903;Grand Island;NE;77708;0.950316608;-0.650417984;0.876314819;0.713375866;53.7129364;64.07131958
451;28001;Sioux City;IA;187773;1.071693182;-0.330570281;0.487261444;0.464582562;51.74834824;62.01062393
452;28002;West Point;NE;25165;0.098386727;0.391105831;0.834118783;1.160154581;49.55457687;68.79003906
453;28101;Lincoln;NE;311956;0.168221265;-0.489200473;0.474609137;0.329806685;48.70345688;60.76499557
454;28102;Nebraska City;NE;40078;0.802953005;1.046894908;0.885937393;0.731359184;55.75508118;65.86693573
455;28201;Red Oak;IA;48197;0.127777115;-0.355002582;0.83289665;0.953770578;55.453125;66.53248596
456;28202;Omaha;NE;803201;0.198980972;-0.235501423;0.243588492;0.195078656;45.93368149;60.08712769
457;28301;Sterling;CO;39751;-0.221808136;-0.126790702;0.747862637;0.87051928;54.90604782;65.49421692
458;28302;Ogallala;NE;16920;NA;NA;NA;NA;54.98282623;65.0426712
459;28303;Oshkosh;NE;2292;NA;NA;NA;NA;NA;NA
460;28304;Valentine;NE;8122;NA;NA;NA;NA;54.89019775;62.23184967
461;28305;Broken Bow;NE;13105;NA;NA;NA;NA;58.33740234;64.15405273
462;28306;North Platte;NE;35939;3.006879568;0.598351538;1.528975248;1.142886162;52.00873184;59.50182724
463;28401;Colorado Springs;CO;587132;-0.20233117;-0.183666661;0.167881921;0.137427092;45.41889954;56.09910202
464;28402;Limon;CO;6087;NA;NA;NA;NA;54.74169159;62.78064346
465;28501;Springfield;CO;4517;NA;NA;NA;NA;56.84817505;57.8309021
466;28502;Pueblo;CO;187782;0.026456106;0.386855781;0.359624535;0.401791722;43.10583878;57.75990677
467;28503;Trinidad;CO;23069;NA;NA;NA;NA;50.67496109;60.15011597
468;28504;Burlington;CO;11864;NA;NA;NA;NA;58.75622177;66.95414734
469;28601;Oberlin;KS;6438;NA;NA;NA;NA;62.49403381;66.67931366
470;28602;Norton;KS;5953;NA;NA;NA;NA;57.98797989;65.01394653
471;28603;Phillipsburg;KS;10537;NA;NA;NA;NA;57.80991745;66.67947388
472;28604;Colby;KS;17107;NA;NA;NA;NA;57.86296844;66.11577606
473;28605;Goodland;KS;8509;NA;NA;NA;NA;55.67638397;70.31533813
474;28606;Wano;KS;5457;NA;NA;NA;NA;57.34647751;66.92120361
475;28607;McCook;NE;19695;NA;NA;NA;NA;57.54504776;66.41778564
476;28608;Kearney;NE;56033;1.373795867;-0.17913498;0.981141508;0.8073228;56.10096741;62.7803154
477;28609;Lexington;NE;48464;3.015764952;-0.109982759;1.221420884;1.063261151;56.06715393;64.76187134
478;28701;Salida;CO;16242;NA;NA;NA;NA;49.47364807;62.62794876
479;28702;Glenwood Springs;CO;131682;0.287717193;-0.000273487;0.504958987;0.346149445;54.00255585;57.68152618
480;28703;Granby;CO;12442;NA;NA;NA;NA;49.91887283;60.51140213
481;28704;Laramie;WY;33591;1.815552592;0.816565871;1.875797987;2.653517008;50.41410065;59.09836197
482;28800;Fort Collins;CO;459601;0.219117031;-0.145763487;0.222114146;0.150179341;49.33972549;58.0714035
483;28900;Denver;CO;2449044;0.042310886;-0.123781145;0.114541076;0.070271157;45.67617416;56.53782654
484;29001;Pratt;KS;18232;NA;NA;NA;NA;57.37161636;65.13878632
485;29002;Coldwater;KS;1967;NA;NA;NA;NA;NA;NA
486;29003;Dodge City;KS;42837;-0.520654082;-0.690185666;1.461835265;1.450207949;52.01242447;64.04135132
487;29004;Great Bend;KS;47227;-0.271474004;-0.54214853;1.04561007;1.018237352;53.65400314;65.61450195
488;29005;Hutchinson;KS;82076;0.711674571;-0.461794883;0.629527748;0.586764276;49.09804153;61.67512894
489;29006;Hays;KS;38196;-0.124010161;-0.111558966;2.836874962;1.989332914;56.73944092;63.55422974
490;29007;Township 11;KS;8631;NA;NA;NA;NA;55.9174614;65.88418579
491;29008;Center;KS;5609;NA;NA;NA;NA;62.33057404;66.81962585
492;29101;Concordia;KS;19894;NA;NA;NA;NA;56.06466293;68.3514328
493;29102;Superior;NE;11112;NA;NA;NA;NA;59.74328995;70.37757874
494;29103;Beloit;KS;11384;NA;NA;NA;NA;56.4758606;67.09579468
495;29104;Salina;KS;63338;0.04608855;0.502327502;0.701231122;0.824745297;47.75951004;60.76587677
496;29201;Hiawatha;KS;21441;NA;NA;NA;NA;59.59727097;71.79782104
497;29202;Marysville;KS;17448;NA;NA;NA;NA;60.61485291;69.47848511
498;29203;Manhattan;KS;143269;0.573376656;1.312527776;0.523933887;0.609148145;49.81233215;61.49585342
499;29204;Topeka;KS;324513;-0.236071244;0.402783602;0.34455958;0.325882047;46.81010056;58.47956848
500;29301;Wichita;KS;553506;0.154125154;0.34381184;0.248464212;0.255069792;44.80037308;58.64679337
501;29302;Newton;KS;75784;1.188037515;0.095059246;0.515014231;0.518663049;52.30614471;63.2869606
502;29303;Winfield;KS;51584;-0.047730371;0.909464002;0.537197411;0.630025208;52.11521149;61.20404053
503;29401;Ottawa;KS;51067;-0.13714008;-0.09615989;0.625763476;0.628134727;51.73870087;64.13331604
504;29402;Emporia;KS;47830;-0.767728984;1.304849863;0.957721651;0.752022624;50.88618088;62.57930374
505;29403;Bartlesville;KS;145981;0.013058753;0.254562587;0.354044765;0.431175619;48.91098785;60.98057175
506;29501;Leavenworth;KS;85465;0.300870061;-0.185909241;0.482509881;0.430795461;47.90309525;60.18894577
507;29502;Kansas City;MO;1762873;0.066802137;-0.038968567;0.125436455;0.125781715;43.29231262;58.1845665
508;29503;St. Joseph;MO;158300;0.148406565;0.131796211;0.40940544;0.480356693;47.06965637;62.06570053
509;29504;Sedalia;MO;88232;0.108203314;-0.34159404;0.437254936;0.565252423;47.92456818;61.12251282
510;29505;Polk;MO;33693;0.372641951;-1.529997587;1.060067296;1.141567469;54.78181458;64.27554321
511;29506;Bethany;MO;18093;NA;NA;NA;NA;56.2112999;67.02750397
512;29601;Columbia;MO;302388;0.049295284;-0.008832861;0.270343632;0.356833905;46.88918304;59.46110153
513;29602;Eldon;MO;79924;-0.602478862;0.65744555;0.471749455;0.532025576;47.94241333;62.25209427
514;29700;Springfield;MO;440866;0.318142146;0.129469752;0.269516796;0.249638975;46.05212784;58.52565384
515;29800;Aurora;MO;137575;0.454180956;0.463912189;0.381127536;0.38422066;47.5934906;60.31539154
516;29901;Joplin;MO;266742;0.189652741;0.617895544;0.227874994;0.396579593;46.69881821;60.57629395
517;29902;Center;MO;54651;0.443864644;-0.934191346;0.457696587;0.737873971;49.71368408;62.96737671
518;30000;Russellville;AR;138646;1.047095299;0.213040486;0.331395656;0.643464327;46.97657394;60.0336647
519;30100;Fort Smith;AR;332832;0.403816462;0.534018815;0.243550673;0.405547619;47.07501221;60.49713516
520;30200;Muskogee;OK;152466;0.095620282;0.380504131;0.257396162;0.417225897;44.31079483;59.91815186
521;30300;Fayetteville;AR;384122;0.028569005;0.114856601;0.199158907;0.259172112;47.55627823;59.05566406
522;30401;Stillwater;OK;79601;-0.045494601;-0.491872758;0.452310324;0.561695218;50.23587418;59.58184433
523;30402;Tulsa;OK;921246;0.170301691;0.220859468;0.149074018;0.161666945;45.32481766;58.73756027
524;30403;Okmulgee;OK;51499;0.557657897;1.47427237;0.398376763;0.85095787;46.88737869;60.71901321
525;30501;Woodward;OK;26123;0.509615183;-0.3437244;1.376272321;1.190157056;57.54513168;66.47937012
526;30502;Enid;OK;102415;0.509024143;0.392069995;0.501269877;0.64939785;52.36207962;64.63235474
527;30601;El Paso;TX;857648;-0.079387255;-0.23418279;0.127725378;0.205645025;44.19128036;51.14052963
528;30602;Alamogordo;NM;81709;-0.018053154;0.375040948;0.492172509;1.071427107;43.63999557;54.96376419
529;30603;Truth or Consequences;NM;13270;NA;NA;NA;NA;45.9791069;50.57929611
530;30604;Deming;NM;61950;-0.159947485;-0.002622921;0.437331587;1.07513845;43.55461884;55.11591339
531;30605;Van Horn;TX;2975;NA;NA;NA;NA;NA;NA
532;30701;Roswell;NM;113040;0.499216944;-0.069367968;0.446094483;0.537311316;46.23858643;59.62721634
533;30702;Santa Rosa;NM;6920;NA;NA;NA;NA;47.86637878;59.85753632
534;30801;Hobbs;NM;90061;0.774005055;1.807802439;0.458594412;0.552235484;52.49389267;63.83308411
535;30802;Lubbock;TX;287568;0.166048244;0.34127444;0.250870764;0.343495846;43.29906082;59.46139526
536;30901;Clovis;NM;73078;-0.488500386;-0.277114838;0.538763523;0.739769638;46.76909637;59.81380463
537;30902;Littlefield;TX;29588;0.280839056;0.297637075;0.719923735;1.216545343;49.58638;65.30810547
538;30903;Amarillo;TX;240752;-0.116687544;0.187146559;0.359726936;0.348970503;45.06090164;60.52621841
539;30904;Pampa;TX;57355;0.631633937;0.574015558;0.716921747;0.731382072;52.57016373;65.01313019
540;30905;Wellington;TX;8490;NA;NA;NA;NA;57.42163467;66.77281189
541;30906;Memphis;TX;9400;NA;NA;NA;NA;50.77210999;68.35103607
542;30907;Matador;TX;1426;NA;NA;NA;NA;NA;NA
543;30908;Plainview;TX;52751;0.337854952;0.74975878;0.506372094;0.890231252;47.05384445;62.94850922
544;31001;Garden City;KS;52031;0.36364764;0.314106345;1.375612378;1.292918682;50.51379395;60.0500145
545;31002;Ulysses;KS;15778;NA;NA;NA;NA;54.45620346;64.88704681
546;31003;Scott City;KS;9185;NA;NA;NA;NA;59.11475754;65.69969177
547;31004;Liberal;KS;32998;-2.416219234;-4.480126858;5.380868912;3.327052593;54.6461525;64.87805176
548;31005;Perryton;TX;17432;NA;NA;NA;NA;59.94067764;69.82389069
549;31006;Guymon;OK;29937;-1.735421419;-2.066413879;6.572330952;5.784339428;56.90963745;63.69487381
550;31007;Dumas;TX;31880;-1.028698683;0.629348457;1.052354693;1.209363818;52.4520607;64.62617493
551;31101;Victoria;TX;165277;-0.219446614;-0.458454072;0.331378758;0.376915157;46.90102386;61.93070602
552;31102;La Grange;TX;42194;0.029188463;0.196636721;0.517302096;0.687701941;50.43551636;66.302948
553;31103;Gonzales;TX;18628;NA;NA;NA;NA;45.0708847;61.43948746
554;31201;Austin;TX;1298076;-0.170756504;-0.171535417;0.117854536;0.097084641;42.43783569;55.25457382
555;31202;Burnet;TX;51191;-0.165743321;0.583691657;0.516283095;0.367248029;46.19910431;60.08660126
556;31301;San Antonio;TX;1724863;-0.205736548;-0.066996492;0.105347753;0.094506025;42.69112778;55.33433914
557;31302;Beeville;TX;47805;0.959957004;-1.057219267;0.501198947;1.100815296;47.53348541;63.34128952
558;31303;Kerrville;TX;64467;-0.200047314;1.288955688;0.507509887;0.581072152;47.07586288;58.8144989
559;31304;Mason;TX;3738;NA;NA;NA;NA;NA;NA
560;31401;Midland;TX;262282;0.8346892;0.142687887;0.292865843;0.235521391;52.88989639;64.16847992
561;31402;Pecos;TX;31286;1.280676603;0.382468313;0.601572871;1.022895694;56.45896912;64.78666687
562;31403;Fort Stockton;TX;20908;NA;NA;NA;NA;56.63435364;65.5794754
563;31404;Alpine;TX;18377;NA;NA;NA;NA;50.7059288;57.85123825
564;31501;Crystal City;TX;21848;NA;NA;NA;NA;45.4669075;56.88378143
565;31502;Pearsall;TX;22118;NA;NA;NA;NA;46.90629196;58.28323364
566;31503;Laredo;TX;210580;-0.133157447;0.316060454;0.299127102;0.56619072;45.14474487;52.39452744
567;31600;Brownsville;TX;978369;0.113269441;-0.095113814;0.1468945;0.255016059;45.32289505;51.8633194
568;31700;Corpus Christi;TX;503493;0.270121932;-0.022711262;0.176404208;0.20377259;45.12550735;56.45230484
569;31800;College Station;TX;208437;-0.536768556;-0.057640668;0.234117672;0.33898291;43.6601944;58.97848511
570;31900;Pearland;TX;320912;0.063962437;-0.151326001;0.195567295;0.190485209;48.13179016;60.40670776
571;32000;Houston;TX;4504013;-0.03902382;0.033141103;0.06493815;0.060956493;44.25496674;57.24473572
572;32100;Beaumont;TX;497770;0.27682814;0.38935715;0.198671624;0.240097776;45.17273331;60.21945572
573;32201;Huntsville;TX;191792;-0.294387311;0.054454297;0.23720172;0.343386501;43.88011932;60.23547363
574;32202;Nacogdoches;TX;103842;0.352254003;0.419876724;0.324973106;0.555187047;45.75051498;61.84119034
575;32301;San Angelo;TX;113973;-0.331187785;-0.808000028;0.447926402;0.579321623;44.48913193;59.09187698
576;32302;Brady;TX;23666;NA;NA;NA;NA;50.09509277;67.30565643
577;32303;Junction;TX;6828;NA;NA;NA;NA;46.4655571;65.15596008
578;32304;Uvalde;TX;35212;0.621746123;0.946915388;0.956576586;0.863976121;46.4238205;62.85198593
579;32305;Del Rio;TX;49316;0.935244083;-1.647839069;0.799450636;1.193869472;47.80402756;56.44356918
580;32306;Eagle Pass;TX;47297;-0.35482353;-2.562898636;0.649984956;2.245231152;47.38199615;54.11514282
581;32401;Big Spring;TX;54073;1.435255766;1.35406363;0.836981535;1.060318232;49.58976364;66.57200623
582;32402;Sweetwater;TX;20146;NA;NA;NA;NA;49.64796066;65.83925629
583;32403;Snyder;TX;26918;3.340680361;0.880175233;1.857627988;1.898208976;55.01597214;64.89144897
584;32501;Abilene;TX;191518;0.765900075;0.704744041;0.358325601;0.335772723;48.05104065;62.42324448
585;32502;Childress;TX;9592;NA;NA;NA;NA;49.37688065;67.0658493
586;32503;Haskell;TX;15157;NA;NA;NA;NA;51.02844238;66.57875824
587;32601;Wichita Falls;TX;151524;0.166178003;-0.589306295;0.555959821;0.445698202;46.98474884;62.2627449
588;32602;Graham;TX;28556;0.243740186;0.823513508;0.7595945;0.776134253;55.53500748;67.27890778
589;32603;Seymour;TX;4093;NA;NA;NA;NA;NA;NA
590;32604;Vernon;TX;21022;NA;NA;NA;NA;47.36185074;61.93931198
591;32701;Brownwood;TX;58246;0.693882883;-0.126874313;0.536911666;0.895915985;47.65202332;60.7702713
592;32702;Stephenville;TX;55256;-0.292530864;-0.027831791;0.711698592;0.738260448;51.66814041;64.28110504
593;32801;Waco;TX;281618;0.186592743;-0.073260516;0.209812567;0.298238128;42.3315773;60.45296478
594;32802;Corsicana;TX;100377;-0.024821227;0.663511217;0.312829435;0.447231472;46.5451355;63.70339584
595;32900;Killeen;TX;330714;-0.0662762;0.325377136;0.20470044;0.253172427;43.12983704;57.20314026
596;33000;Fort Worth;TX;1804370;0.121059731;0.098744005;0.096692815;0.085391589;44.8201561;58.40992737
597;33100;Dallas;TX;3405666;-0.026537331;0.008066284;0.076761067;0.062138416;42.87677002;56.974823
598;33200;Paris;TX;185835;0.17065081;0.466072261;0.20040451;0.355956048;44.85495758;61.74489212
599;33300;Tyler;TX;434643;0.499253511;0.052379187;0.18091774;0.196696579;45.83950424;60.37783051
600;33400;Longview;TX;289849;0.338396698;0.277660847;0.212409973;0.30350709;46.45579147;62.02226639
601;33500;Texarkana;TX;235988;-0.137957513;0.04005513;0.227846563;0.446390748;43.90954208;60.45171738
602;33601;Lawton;OK;171610;-0.00154091;0.442420602;0.385716498;0.484729737;47.38587189;60.65541077
603;33602;Altus;OK;48010;1.718907356;0.558098018;0.795302689;1.262938142;49.57587814;62.07675934
604;33603;Frederick;OK;9287;NA;NA;NA;NA;48.41644669;64.85374451
605;33700;Ardmore;OK;117982;-0.065481454;1.965424061;0.382342696;0.530771315;49.88940811;63.14645767
606;33801;Elk City;OK;60885;0.45139724;0.01379257;0.582447469;1.031442404;55.62277222;67.82522583
607;33802;Chickasha;OK;75666;-0.248768434;-0.545553803;0.409308702;0.546157718;48.65166473;65.213974
608;33803;Oklahoma City;OK;1154246;-0.035694443;0.277275205;0.133276135;0.160967946;44.68879318;58.86177826
609;33901;Ada;OK;69207;0.420587093;1.93170476;0.403580248;0.777701318;50.03562164;64.21608734
610;33902;Sherman;TX;178371;0.127190962;0.277206451;0.262256384;0.259836793;45.88183212;60.04339981
611;34001;Hot Springs;AR;210357;0.031154897;-0.303264767;0.32009536;0.483237535;43.48806381;58.2804718
612;34002;Idabel;OK;97397;0.605534136;-0.376180053;0.482593775;1.109446645;46.81858826;61.23787308
613;34101;Sand Point;AK;2697;NA;NA;NA;NA;NA;NA
614;34102;Anchorage;AK;369296;0.029312411;0.204679027;0.312984914;0.225018457;50.80932236;59.66048813
615;34103;Valdez;AK;10195;NA;NA;NA;NA;48.12767029;60.254776
616;34104;Bristol Bay;AK;1258;NA;NA;NA;NA;NA;NA
617;34105;Kotzebue;AK;7208;NA;NA;NA;NA;36.90948105;50.13111877
618;34106;Nome;AK;9196;NA;NA;NA;NA;34.60303116;53.70934677
619;34107;Dillingham;AK;6745;NA;NA;NA;NA;42.44371796;57.68111038
620;34108;Kodiak;AK;13913;NA;NA;NA;NA;49.62508392;58.52967072
621;34109;Juneau;AK;37347;-0.369440734;0.69707346;1.214306116;0.71212244;45.92573929;55.82831192
622;34110;Sitka;AK;15519;NA;NA;NA;NA;45.81767654;53.76594162
623;34111;Ketchikan;AK;20216;NA;NA;NA;NA;43.88567352;54.17015457
624;34112;Bethel;AK;23034;NA;NA;NA;NA;35.6703186;49.42586899
625;34113;Barrow;AK;7385;NA;NA;NA;NA;38.84532928;53.63409805
626;34114;Unalaska;AK;5465;NA;NA;NA;NA;NA;NA
627;34115;Fairbanks;AK;97458;-0.927339911;0.215386778;0.671095431;0.52367866;49.55289459;59.73464203
628;34201;Havre;MT;25840;1.861917734;-0.07041733;2.032155037;1.823556185;44.85408783;60.97848511
629;34202;Shelby;MT;24938;NA;NA;NA;NA;38.67342377;59.52389526
630;34203;Great Falls;MT;95101;0.965835571;0.377074361;0.724838078;0.764981329;49.00954437;58.41793823
631;34204;Lewistown;MT;12386;NA;NA;NA;NA;53.18541336;60.76348114
632;34301;Cody;WY;37247;-0.95895052;2.850186825;2.819947004;5.722097397;55.1281395;61.07476044
633;34302;Worland;WY;13171;NA;NA;NA;NA;54.61676025;63.99443817
634;34303;Riverton;WY;35804;2.325463772;0.528225482;1.774619699;2.02682066;46.92249298;62.51984787
635;34304;Sheridan;WY;46306;0.322976053;-0.268030852;1.083384037;1.294663072;46.38261032;60.35138702
636;34305;Miles City;MT;12895;NA;NA;NA;NA;55.13172531;60.24871445
637;34306;Jordan;MT;1279;NA;NA;NA;NA;NA;NA
638;34307;Colstrip;MT;12102;NA;NA;NA;NA;42.01934052;62.08221436
639;34308;Billings;MT;152638;0.089767456;-0.128999218;0.607034862;0.569137812;50.57252884;59.04888535
640;34309;Harlowton;MT;4191;NA;NA;NA;NA;NA;NA
641;34401;Dillon;MT;9202;NA;NA;NA;NA;53.78316498;59.35546494
642;34402;Bozeman;MT;93985;0.459746301;-1.031020761;0.686906636;0.658487916;50.93701172;56.65001678
643;34403;Helena;MT;70150;0.260600507;0.249706283;0.589310288;0.593773425;48.93575668;56.0094986
644;34404;Butte-Silver Bow;MT;54033;-0.213501081;-0.183100134;0.784036517;1.016211271;49.73173904;59.80891037
645;34501;Bonners Ferry;ID;9871;NA;NA;NA;NA;50.31925583;58.52882385
646;34502;Libby;MT;18837;NA;NA;NA;NA;49.93717957;59.81956482
647;34503;Kalispell;MT;111205;0.415423781;-0.027142709;0.387346506;0.530615926;48.01229477;56.2392807
648;34504;Missoula;MT;135756;-0.247604266;-0.818470478;0.362150967;0.430121273;47.47697449;54.79668427
649;34601;Gillette;WY;46229;1.896900773;1.114317298;1.270051479;0.963725209;60.93140411;67.67865753
650;34602;Rawlins;WY;15639;NA;NA;NA;NA;53.43636322;63.64928818
651;34603;Casper;WY;78585;1.245099664;-0.578561962;0.988996923;0.68879658;55.48269653;64.33958435
652;34604;Lusk;WY;2407;NA;NA;NA;NA;NA;NA
653;34701;Honolulu;HI;876156;0.15904817;-0.220320538;0.185082525;0.207068861;45.94974899;53.76633072
654;34702;Kapaa;HI;58463;0.409609824;-1.839306951;0.742403507;1.066740751;46.33214951;55.91540146
655;34703;Kahului;HI;128241;0.293078303;-0.27766341;0.410547078;0.601200581;44.45858383;54.45191193
656;34801;Las Vegas;NM;49495;0.542473972;0.396940738;0.522977293;0.834333539;43.6541214;55.41748428
657;34802;Santa Fe;NM;218804;0.434988737;-0.087229311;0.284259617;0.309076101;43.32115555;52.03562546
658;34803;Tucumcari;NM;10965;NA;NA;NA;NA;46.1944313;54.97552872
659;34804;Clayton;NM;4174;NA;NA;NA;NA;NA;NA
660;34805;Alamosa;CO;46190;0.024977341;0.248687148;0.632151902;1.254294276;48.76503372;60.41677856
661;34901;Albuquerque;NM;755244;-0.111701988;-0.263813227;0.158233941;0.162014395;42.62749481;53.85022736
662;34902;Socorro;NM;21621;NA;NA;NA;NA;42.93374634;56.0678978
663;35001;Phoenix;AZ;3303211;0.000358148;0.042724043;0.06262482;0.071397923;44.69127274;56.35507584
664;35002;Safford;AZ;42036;-0.209830776;1.130744815;0.506905913;0.755194366;45.93617249;63.27643967
665;35100;Tucson;AZ;999882;-0.13625595;-0.037709352;0.105350271;0.128237605;42.90359879;53.86847305
666;35201;Grand Junction;CO;187857;0.525077879;-0.052443717;0.319995075;0.309014708;52.06491852;60.36430359
667;35202;Gunnison;CO;14746;NA;NA;NA;NA;51.43110275;57.65764999
668;35300;Farmington;NM;168198;-0.27134499;0.004584728;0.264983535;0.388938487;46.29053879;56.27153397
669;35401;Flagstaff;AZ;289883;0.038658805;-0.206671044;0.191142276;0.202639759;45.28317261;55.76678467
670;35402;Cortez;CO;40087;-0.164195985;0.599998832;0.796990514;1.119410634;51.56719971;60.08606339
671;35500;Gallup;AZ;241691;-0.369305611;-0.071950741;0.174466655;0.234909326;36.37532806;50.68514633
672;35600;Hilo;HI;148677;0.084919482;-0.665653527;0.318052709;0.40359655;43.29896545;52.80870438
673;35701;Twin Falls;ID;120807;0.759714901;-0.050865814;0.365488082;0.535789192;50.93250275;58.01062775
674;35702;Burley;ID;41590;0.127272099;0.737119198;0.57530421;0.994954765;53.44587708;62.32544327
675;35801;Boise City;ID;493970;0.051595815;-0.316058904;0.216559783;0.185533836;46.65198135;55.92469788
676;35802;Ontario;OR;62170;0.405155122;-1.247792244;0.462057829;0.696887672;46.83276749;58.57404327
677;35803;McCall;ID;11127;NA;NA;NA;NA;48.24560165;55.6246109
678;35901;St. George;UT;130138;-0.47212559;-0.417472541;0.297857493;0.273594826;51.64759064;59.30704117
679;35902;Price;UT;54045;0.122560151;1.167802811;0.444972903;0.435549885;55.05182648;63.65429306
680;35903;Moab;UT;8485;NA;NA;NA;NA;54.46022415;61.88094711
681;35904;Richfield;UT;25012;0.920840442;0.273651212;0.715259612;0.966923356;55.60987854;63.85771942
682;35905;Loa;UT;2509;NA;NA;NA;NA;NA;NA
683;36000;Provo;UT;389179;0.315425605;0.106706932;0.236156091;0.180734515;53.28376007;59.61588287
684;36100;Salt Lake City;UT;1426729;0.062771589;0.052595425;0.121103421;0.104005992;50.89728928;60.51486206
685;36200;Logan;UT;149590;0.195275396;-0.232921958;0.341895491;0.290493667;55.83275604;61.34731674
686;36301;Pocatello;ID;269722;0.098453358;-0.024267184;0.296730459;0.267767638;49.57469559;57.44711685
687;36302;Salmon;ID;12148;NA;NA;NA;NA;53.32801819;54.54434586
688;36303;Jackson;WY;24250;NA;NA;NA;NA;53.66379547;56.50697327
689;36401;Steamboat Springs;CO;38860;0.28885442;0.491706073;0.928896487;0.678121686;58.79759598;61.57773972
690;36402;Vernal;UT;39595;0.870129764;0.658088505;0.661408186;0.941234052;60.77000809;71.22559357
691;36403;Soda Springs;ID;13715;NA;NA;NA;NA;57.13232803;64.47744751
692;36404;Rock Springs;WY;80730;0.10313724;0.040706765;0.656710744;0.525942743;56.4431076;65.73110199
693;36501;Klamath Falls;CA;151353;0.37230286;0.033267993;0.258577824;0.365857512;47.11287689;58.75544357
694;36502;Burns;OR;7609;NA;NA;NA;NA;51.15881729;60.56804657
695;36503;Lakeview;OR;7422;NA;NA;NA;NA;48.76563263;63.64967728
696;36600;Redding;CA;219295;0.082274787;0.08883588;0.210237563;0.25654158;45.13196564;56.12538528
697;36700;Eureka;CA;139540;0.280000687;0.168772995;0.335840344;0.41440022;40.76922607;52.85736847
698;36800;Medford;OR;256995;-0.215177253;0.262195051;0.208029583;0.242386624;44.51877594;53.89718628
699;36901;Crescent City;CA;48644;-0.077973232;0.30664435;0.66951859;1.100413561;42.052948;53.83848953
700;36902;Roseburg;OR;163178;0.049844082;-0.047439218;0.250977904;0.33424753;44.01520538;55.58203506
701;37000;Modesto;CA;729182;-0.003567127;-0.284146786;0.119474493;0.162547156;45.13621902;54.80883408
702;37100;Bakersfield;CA;661645;0.028097581;-0.175022393;0.124946155;0.190602317;47.67753601;57.61734772
703;37200;Fresno;CA;1419998;-0.377005965;-0.238366351;0.099594787;0.122933872;43.52993774;54.68767929
704;37300;Chico;CA;387577;0.072347403;-0.094530612;0.195020542;0.229224339;45.25728989;54.58544922
705;37400;Sacramento;CA;2570609;-0.01185465;-0.23111321;0.086132087;0.074838638;45.03625107;54.46429443
706;37500;San Jose;CA;2393183;-0.010523236;-0.103780888;0.112316124;0.07904049;46.7757988;54.19928741
707;37601;Elko;NV;61917;0.774983764;-0.208546206;0.526308596;0.426065862;51.60326767;64.60054779
708;37602;Winnemucca;NV;22799;NA;NA;NA;NA;52.95546722;64.22006226
709;37603;Portola;CA;24379;NA;NA;NA;NA;47.48516464;55.74322891
710;37604;Reno;NV;453825;0.259681821;-0.525971949;0.183037817;0.176383018;46.35706329;55.32596588
711;37700;Santa Rosa;CA;603188;-0.116651826;-0.122947939;0.194864243;0.159531206;45.07217789;53.80108261
712;37800;San Francisco;CA;4642561;0.016968122;-0.114686213;0.092528336;0.06696976;45.55037689;54.25952148
713;37901;Las Vegas;NV;1568418;0.088148206;-0.119579583;0.080872588;0.080592789;44.37011337;55.7179451
714;37902;Reno;NV;5071;NA;NA;NA;NA;NA;NA
715;37903;Mammoth Lakes;CA;30798;0.044557452;-0.04043676;0.810120881;0.705892026;47.78145218;58.47934341
716;38000;San Diego;CA;2813833;0.053767543;-0.154408112;0.074737184;0.072529174;46.23363113;54.2127533
717;38100;Yuma;CA;302387;-0.215513021;-0.2726399;0.175412104;0.328518569;46.90142059;55.88562012
718;38200;Santa Barbara;CA;646028;-0.039900485;-0.373793125;0.165073261;0.174120277;47.27046585;53.96077728
719;38300;Los Angeles;CA;16393360;-0.170313075;-0.273316056;0.04257042;0.045254014;44.80198288;52.69482422
720;38401;Lewiston;ID;88546;1.369624972;0.0055183;0.486640543;0.571932137;48.31499481;58.77210999
721;38402;Pullman;WA;75675;1.447603822;0.21626161;0.578979969;0.622343421;52.82691193;57.91392899
722;38501;Moses Lake;WA;91126;0.426478386;-0.625128865;0.437784553;0.492801875;49.7450676;61.75042343
723;38502;Wenatchee;WA;99219;-0.216420949;-0.383994192;0.39481777;0.509110093;48.25610352;57.49316788
724;38601;Spokane;WA;608317;-0.019801121;0.012028495;0.162342057;0.153599694;46.09930038;56.87558746
725;38602;Colville;WA;86890;0.002230711;-0.050814442;0.304547161;0.428502172;46.14016724;57.80326462
726;38700;Longview;WA;220580;0.358096302;0.090012938;0.222611412;0.274606794;44.52383423;57.373806
727;38801;Portland;OR;1842889;0.101674594;0.035126586;0.121592745;0.110525608;44.72776413;54.49850845
728;38802;The Dalles;OR;65297;0.141448766;0.099058032;0.555850446;0.577090681;46.89760208;56.19399643
729;38901;Eugene;OR;936387;-0.053318869;0.258691907;0.135661259;0.150981113;44.12202454;54.91130447
730;38902;Newport;OR;68741;-0.257738024;0.279263794;0.36880672;0.541019082;43.15344238;55.48281479
731;39000;Yakima;WA;255943;0.242885903;0.322918802;0.257432163;0.246420667;45.53331375;58.06005859
732;39100;Kennewick;WA;332609;-0.17062299;0.0582522;0.215848401;0.217318907;47.87288284;58.32228088
733;39201;La Grande;OR;41271;0.807065606;0.590210021;0.709943771;0.736703813;50.76040268;58.11616135
734;39202;Enterprise;OR;7226;NA;NA;NA;NA;51.73671722;56.45098495
735;39203;Bend;OR;153558;0.189702377;-0.209817141;0.250043511;0.271897614;44.76088333;54.47284317
736;39204;Condon;OR;3462;NA;NA;NA;NA;NA;NA
737;39205;John Day;OR;7935;NA;NA;NA;NA;51.8152504;59.45898438
738;39301;Friday Harbor;WA;14077;NA;NA;NA;NA;44.98002625;50.35443497
739;39302;Bellingham;WA;166814;0.331190675;0.30443117;0.332953423;0.38207978;46.93076706;58.3452034
740;39303;Port Angeles;WA;90478;0.723374426;0.236162826;0.438395232;0.404725552;45.66841125;56.43985367
741;39400;Seattle;WA;3775744;0.228561446;0.04677647;0.08903037;0.072863199;46.5256958;56.67885208
